Mes_Referencia,Receita_Real,Lucro_Liquido,Margem_Percentual
Novembro/2024,63944.8,48513.624,75.8679736272535
Outubro/2024,63944.8,48513.624,75.8679736272535
Dezembro/2024,33032.6,16833.488999999998,50.96023019683585
Janeiro/2024,33032.6,16833.488999999998,50.96023019683585
Janeiro/2025,33032.6,16833.488999999998,50.96023019683585
Maio/2024,63944.8,48513.624,75.8679736272535
