Mes_Referencia,Receita_Real,Lucro_Liquido,Margem_Percentual,Custos_Fixos,Ticket_Medio
Novembro/2025,24175.800000000003,8370.624000000003,34.62397935125209,7723.0,20.26471081307628
